{
  "trials": 2,
  "models": {
    "SVM": {
      "accuracy": {
        "n": 2,
        "mean": 0.5846394984326019,
        "std": 0.0,
        "ci95": 0.0
      },
      "macro_f1": {
        "n": 2,
        "mean": 0.504441840540802,
        "std": 0.0,
        "ci95": 0.0
      },
      "weighted_f1": {
        "n": 2,
        "mean": 0.5934260602421928,
        "std": 0.0,
        "ci95": 0.0
      }
    },
    "ResNet-50": {
      "accuracy": {
        "n": 2,
        "mean": 0.8996865203761756,
        "std": 0.0,
        "ci95": 0.0
      },
      "macro_f1": {
        "n": 2,
        "mean": 0.896404691864063,
        "std": 0.0,
        "ci95": 0.0
      },
      "weighted_f1": {
        "n": 2,
        "mean": 0.9002177370036414,
        "std": 0.0,
        "ci95": 0.0
      }
    },
    "DenseNet-121": {
      "accuracy": {
        "n": 2,
        "mean": 0.9067398119122257,
        "std": 0.0,
        "ci95": 0.0
      },
      "macro_f1": {
        "n": 2,
        "mean": 0.8941055843008625,
        "std": 0.0,
        "ci95": 0.0
      },
      "weighted_f1": {
        "n": 2,
        "mean": 0.906936677790691,
        "std": 0.0,
        "ci95": 0.0
      }
    },
    "SSL+MMViT": {
      "accuracy": {
        "n": 2,
        "mean": 0.9373040752351097,
        "std": 0.0,
        "ci95": 0.0
      },
      "macro_f1": {
        "n": 2,
        "mean": 0.9201288191837742,
        "std": 0.0,
        "ci95": 0.0
      },
      "weighted_f1": {
        "n": 2,
        "mean": 0.9363905007161178,
        "std": 0.0,
        "ci95": 0.0
      }
    }
  }
}