{
  "trial": 2,
  "metrics": {
    "SVM": {
      "accuracy": 0.5846394984326019,
      "macro_f1": 0.504441840540802,
      "weighted_f1": 0.5934260602421928
    },
    "ResNet-50": {
      "accuracy": 0.8996865203761756,
      "macro_f1": 0.896404691864063,
      "weighted_f1": 0.9002177370036414
    },
    "DenseNet-121": {
      "accuracy": 0.9067398119122257,
      "macro_f1": 0.8941055843008625,
      "weighted_f1": 0.906936677790691
    },
    "SSL+MMViT": {
      "accuracy": 0.9373040752351097,
      "macro_f1": 0.9201288191837742,
      "weighted_f1": 0.9363905007161178
    }
  },
  "timestamp": "2026-03-25 19:41:26"
}