{
    "model": "ResNet-50",
    "accuracy": 0.8996865203761756,
    "macro_f1": 0.896404691864063,
    "weighted_f1": 0.9002177370036414,
    "evaluation_split": "test",
    "num_samples": 1276,
    "num_epochs_trained": 8,
    "best_val_f1": 0.8975540912199336,
    "per_class_metrics": {
        "glass": {
            "precision": 0.8496932515337423,
            "recall": 0.9141914191419142,
            "f1": 0.8807631160572337,
            "support": 303
        },
        "metal": {
            "precision": 0.8456375838926175,
            "recall": 0.9368029739776952,
            "f1": 0.888888888888889,
            "support": 269
        },
        "organic": {
            "precision": 0.9591836734693877,
            "recall": 0.8245614035087719,
            "f1": 0.8867924528301887,
            "support": 57
        },
        "paper": {
            "precision": 0.9814241486068112,
            "recall": 0.9135446685878963,
            "f1": 0.9462686567164179,
            "support": 347
        },
        "plastic": {
            "precision": 0.9107142857142857,
            "recall": 0.85,
            "f1": 0.8793103448275861,
            "support": 300
        }
    }
}